ID,start,nextIds,condIds,text,randLib
361111,,361009,,,
361012,,361009,,,
361013,,361009,,,
361014,,361009,,,
361015,,361009,,,
361016,,361009,,,
361017,,361009,,,
361018,,361009,,,
361019,,361009,,,
361020,,361009,,,
361021,,361009,,,
361022,,361009,,,
361023,,361009,,,
361024,,361009,,,
361025,,361009,,,
361026,,361009,,,
361027,,361009,,,
361028,,361009,,,
361029,,361009,,,
361030,,361009,,,
361031,,361009,,,
361032,,361009,,,
361033,,361009,,,
361034,,361009,,,
361035,,361009,,,
361036,,361009,,,
361037,,361009,,,
361038,,361009,,,
361039,,361009,,,
361040,,361009,,,
361041,,361009,,,
361042,,361009,,,
361043,,361009,,,
361044,,361009,,,
361045,,361009,,,
361046,,361009,,,
361047,,361009,,,
361048,,361009,,,
361049,,361009,,,
361111,1,,,,
361112,1,,,,
361113,1,,,,
361114,1,,,,
361115,1,,,,
361116,1,,,,
361117,1,,,,
361118,1,,,,
361119,1,,,,
361120,1,,,,
361121,1,,,,
361122,1,,,,
361123,1,,,,
361124,1,,,,
361125,1,,,,
361126,1,,,,
361127,1,,,,
361128,1,,,,
361129,1,,,,
361130,1,,,,
361131,1,,,,
361132,1,,,,
361133,1,,,,
361134,1,,,,
361135,1,,,,
361136,1,,,,
361137,1,,,,
361138,1,,,,
361139,1,,,,
361140,1,,,,
361141,1,,,,
361142,1,,,,
361143,1,,,,
361144,1,,,,
361145,1,,,,
361146,1,,,,
361147,1,,,,
361148,1,,,,
361149,1,,,,
